"RecID","PtID","AEOnsetDt","AEPrior","AEIntensity","AERelSens","AERelProc","AEEffSens","AETx","AESAE","AEDeath","AELife","AEHosp","AEDis","AEInterv","AEOutcome","AEResDt","CoorSign","CoorDt","InvSign","InvDt"
5,"26",2000-03-28 00:00:00,"No","Mild","Possible","Not related","No change","No","No",,,,,,"Recovered, no residual effects",2000-03-28 00:00:00,1,2000-03-29 00:00:00,1,2000-03-29 00:00:00
1,"29",2000-02-09 00:00:00,"No","Mild","Not related","Definite","No change","Yes","No",,,,,,"Recovered, no residual effects",2000-02-09 00:00:00,1,2000-02-11 00:00:00,1,2000-02-11 00:00:00
4,"53",2000-02-24 00:00:00,"No","Mild","Not related","Definite","No change","Yes","No",,,,,,"Recovered, no residual effects",2000-02-24 00:00:00,1,2000-02-26 00:00:00,1,2000-02-25 00:00:00
7,"71",2000-03-25 00:00:00,"No","Mild","Not related","Definite","No change","No","No",,,,,,"Recovered, no residual effects",2000-03-25 00:00:00,1,2000-03-25 00:00:00,1,2000-03-28 00:00:00
8,"80",2000-04-26 00:00:00,"Yes","Moderate","Not related","Not related","No change","Yes","Yes",,,1,,,"Recovered, no residual effects",2000-04-27 00:00:00,1,2000-04-27 00:00:00,1,2000-04-27 00:00:00
2,"94",2000-02-26 00:00:00,"No","Mild","Not related","Definite","No change","Yes","No",,,,,,"Recovered, no residual effects",2000-02-26 00:00:00,1,2000-02-26 00:00:00,1,2000-03-11 00:00:00
3,"108",2000-02-25 00:00:00,"No","Moderate","Not related","Definite","No change","Yes","No",,,,,,"Recovered, no residual effects",2000-02-25 00:00:00,1,2000-02-25 00:00:00,1,2000-02-25 00:00:00
6,"109",2000-03-10 00:00:00,"No","Mild","Not related","Definite","No change","Yes","No",,,,,,"Recovered, no residual effects",2000-03-10 00:00:00,1,2000-03-10 00:00:00,1,2000-03-10 00:00:00
