"RecID","PtID","ParentAIVInsTest","RowID","IVSxTm","IVSxHypo","IVSxTx"
8,"82",6,1,"0852","light headed, felt ""low"" hypoglycemia","2 juices"
9,"82",6,2,"0902","light headed, felt ""low"" hypoglycemia","1 juice"
10,"101",7,1,"0835","feels ""low"", shaky, tired","4 glucose tabs"
11,"101",7,2,"0845","tired, shaky","2 glucose tabs"
12,"101",7,3,"0850","shaky","1 orange juice - 4 oz"
48,"28",24,1,"0900","""Tired"" ""starting to feel low""","8 oz juice"
13,"102",8,1,"0941","no symptoms, ""hungry""","4oz apple juice"
57,"110",31,1,"0828","Headache","4oz juice"
58,"110",31,2,"0833","Headache, blurred vision","4oz juice"
59,"110",31,3,"0837","Headache, blurred vision","4oz juice"
54,"87",29,1,"0917","tired, ""low""","4 oz. grape juice"
70,"79",39,1,"0825","No symptoms","4oz. juice"
73,"16",40,3,"0839","feeling better, still ""low""","1 juice"
71,"16",40,1,"0826","shaky, lack of energy","1 juice"
72,"16",40,2,"0834","shaky","1 juice"
14,"61",9,1,"0930","shakiness","Had received 4oz Pepsi at 9:26"
15,"23",10,1,"0914","","4oz apple juice"
16,"23",10,2,"0925","","4oz orange juice"
17,"1",11,1,"0922","","4 oz apple juice"
18,"1",11,2,"0924","","4 oz apple juice"
19,"1",11,3,"0934","","4 oz cranapple juice"
55,"92",30,1,"0949","pallor, shakiness","4 oz. OJ @ 0952"
56,"92",30,2,"0955","pallor, shakiness","eating breakfast"
65,"55",35,1,"0956","","4oz Orange Juice"
66,"55",35,2,"1010","","4oz Orange Juice"
49,"26",25,1,"0835","Shaky legs","4 oz juice (grape)"
50,"26",25,2,"0838","None","4 oz juice (grape)"
51,"26",25,3,"0841","None","2 oz apple juice"
52,"78",26,1,"0932","Shaky, weak, no energy","4oz cran-raspberry juice"
53,"78",26,2,"0951","YSI=64, pt denies sx of hypoglycemia","4oz cranberry juice"
77,"8",43,1,"0823","None","4oz cranapple juice"
78,"8",43,2,"0826","None","4oz orange juice"
79,"8",43,3,"0833","None","4oz orange juice"
20,"29",12,1,"0836","nausea, tired","D25 10cc"
21,"42",13,1,"0825","","3 cups of OJ"
22,"42",13,2,"0830","","2 cups of OJ with sugar packets"
23,"38",14,1,"0837","","1 cup apple juice, glucose tabs 15g"
24,"38",14,2,"0843","","glucose tabs 15g"
25,"38",14,3,"0847","","1 cup apple juice 15g"
26,"53",15,1,"0922","","4oz OJ"
27,"53",15,2,"0926","","4oz OJ, 1 glucose tab"
28,"53",15,3,"0937","","10cc D25"
2,"94",4,1,"0845","","4 oz apple juice with 1 packet sugar"
3,"94",4,2,"0847","","1 glucose tab"
4,"94",4,3,"0850","","juice box 15g, 1 glucose tab"
1,"2",1,1,"0920","Shaky, weak","16g glucose by tablet"
46,"58",23,1,"0912","sweaty, hungry","15g CHO as OJ"
47,"58",23,2,"0928","hungry","15g CHO as OJ"
39,"106",20,1,"0923","c/o heart racing, tired",""
40,"106",20,2,"0942","","15g CHO - OJ"
41,"106",20,3,"0944","c/o dizziness",""
42,"6",21,1,"0935","increased fatigue, hunger, ""hot""",""
43,"6",21,2,"0940","hands shaking","CHO 15g apple juice"
44,"4",22,1,"0938","shakiness","15g CHO apple juice"
45,"4",22,2,"0952","shakiness","15g CHO apple juice"
67,"72",36,1,"0851","Dizziness/hungry",""
68,"72",36,2,"0859","Dizziness/sweating","15g CHO Apple Juice"
69,"72",36,3,"0905","Tears/cranky",""
60,"71",32,1,"1115","Sinking feeling","4 tabs glucose"
74,"83",41,1,"0845","slight shakiness","none-lowest lab glucose 61"
83,"39",47,2,"0830","shakiness-pallor","16g CHO glucose tablets"
84,"39",47,3,"0840","continued shakiness-pallor","30cc D50-IV"
82,"39",47,1,"0822","shakiness-knees","15g CHO apple juice"
85,"54",53,1,"1020","Pale","15g CHO, apple juice"
86,"54",53,2,"1025","Pale, slightly confused","15g CHO, apple juice"
87,"54",53,3,"1030","Pale, slightly confused","8g CHO, glucose tablets"
29,"40",16,1,"0905","shakiness","3 glucose tabs, 1.5oz juice"
30,"40",16,2,"0915","shakiness","4oz juice"
31,"67",17,1,"0830","","5 glucose tabs, 2oz juice"
32,"67",17,2,"0835","",".5 fruit rollup, 8g CHO"
33,"67",17,3,"0850","",".5 fruit rollup, 8g CHO"
34,"108",18,1,"0810","","6oz juice"
35,"108",18,2,"0820","none except hunger","6oz juice"
36,"108",18,3,"0825","confusion, lethargy","54cc of D25"
37,"95",19,1,"0823","legs tired","6oz juice"
38,"95",19,2,"0838","legs tired","6oz juice"
5,"109",5,1,"0822","","6oz juice"
6,"109",5,2,"0827","Shaky","30cc D25"
7,"109",5,3,"0843","","2oz juice"
61,"18",33,1,"0817","Headache","6oz juice"
62,"18",33,2,"0835","None","6oz juice"
63,"7",34,1,"0836","Tired","6oz juice"
64,"7",34,2,"0850","Tired","4oz juice"
75,"100",42,1,"0856","shaky","6oz juice (orange)"
76,"100",42,2,"0908","none","4oz juice (orange)"
80,"56",44,1,"0815","dizzy","6oz juice"
81,"56",44,2,"0820","dizzy","70.0 cc D25 IV"
