"RecID","PtID","ParentCGMSMonitorID","RowID","CGMSSensorID","CGMSInsDtTm","CGMSSite","CGMSCream","CGMSBlood","CGMSValidIsig","CGMSRemDtTm","CGMSSensRem","CGMSRemReas"
26,"1",25,1,"1-1",2000-02-29 11:25:00,"L/Abd-LQ","None","None insertion site","Y",2000-03-02 10:13:00,"Straight","Sensor Failure"
27,"1",25,2,"1-2",2000-03-02 10:18:00,"L/Abd-LQ","None","Both at insertion site & through sensor","Y",2000-03-03 10:18:00,"Moderately curled","Complete"
28,"1",26,1,"2-1",2000-03-02 08:43:00,"R/Abd-UQ","None","Both at insertion site & through sensor","Y",2000-03-03 10:20:00,"Moderately curled","Complete"
1,"2",1,1,"1-1",2000-01-01 19:45:00,"R/Abd-UQ","None","None insertion site","Y",2000-01-01 21:00:00,"Straight","Sensor Failure"
2,"2",1,2,"1-2",2000-01-01 21:20:00,"L/Abd-UQ","None","None insertion site","Y",2000-01-02 21:35:00,"Straight",""
3,"2",2,1,"2-1",2000-01-01 19:55:00,"R/Buttocks","None","None insertion site","Y",2000-01-02 21:37:00,"Moderately curled",""
86,"3",78,1,"1-1",,"R/Abd-LQ","ELAMAX","None insertion site","Y",2000-03-01 13:00:00,"Straight","Other"
87,"3",79,1,"2-1",2000-02-29 00:30:00,"R/Buttocks","ELAMAX","None insertion site","Y",2000-03-01 12:30:00,"Straight","Other"
58,"4",52,1,"2-1",2000-02-23 11:40:00,"L/Buttocks","None","None insertion site","Y",2000-02-26 05:14:00,"Straight","Complete"
57,"4",51,1,"1-1",2000-02-23 11:40:00,"L/Abd-LQ","None","None insertion site","Y",2000-02-26 17:20:00,"Straight","Complete"
183,"5",170,1,"1-1",2000-04-01 15:00:00,"L/Abd-LQ","EMLA","None insertion site","NA",2000-04-01 16:03:00,"Moderately curled","Complete"
184,"5",171,1,"2-1",2000-03-31 15:00:00,"R/Abd-LQ","EMLA","None insertion site","NA",2000-04-01 16:05:00,"Moderately curled","Complete"
61,"6",55,1,"1-1",2000-02-16 11:30:00,"L/Buttocks","None","None insertion site","Y",2000-02-19 14:14:00,"Straight","Sensor Failure"
62,"6",56,1,"2-1",2000-02-16 11:40:00,"R/Abd-LQ","None","None insertion site","Y",2000-02-18 21:13:00,"Straight","Sensor Failure"
63,"6",56,2,"2-2",2000-02-18 21:20:00,"R/Buttocks","None","None insertion site","Y",2000-02-19 14:14:00,"Straight","Complete"
81,"7",73,1,"1-1",2000-03-21 10:30:00,"R/Buttocks","None","None insertion site","Y",2000-03-24 16:04:00,"Straight","Complete"
108,"8",99,1,"1-1",2000-05-02 10:40:00,"R/Abd-LQ","EMLA","None insertion site","N",2000-05-02 11:08:00,"Straight","Sensor Failure"
109,"8",99,2,"1-2",2000-05-02 11:14:00,"R/Abd-LQ","EMLA","None insertion site","Y",2000-05-04 11:08:00,"Straight","Complete"
110,"8",100,1,"2-1",2000-05-02 10:40:00,"L/Abd-LQ","EMLA","None insertion site","Y",2000-05-04 11:08:00,"Straight","Complete"
182,"9",169,1,"2-1",2000-06-22 15:52:00,"R/Abd-LQ","EMLA","None insertion site","Y",2000-06-23 16:04:00,"Moderately curled","Complete"
172,"9",159,1,"1-1",2000-06-20 15:16:00,"L/Abd-UQ","EMLA","None insertion site","Y",2000-06-23 16:04:00,"Moderately curled","Complete"
19,"10",18,1,"1-1",2000-03-24 13:05:00,"L/Buttocks","None","None insertion site","Y",2000-03-25 11:27:00,"Straight","Complete"
35,"11",33,1,"1-1",2000-03-17 09:43:00,"R/Abd-LQ","EMLA","None insertion site","Y",2000-03-18 10:22:00,"Moderately curled","Complete"
36,"11",34,1,"2-1",2000-03-17 09:43:00,"L/Abd-LQ","EMLA","None insertion site","Y",2000-03-18 10:24:00,"Straight","Complete"
145,"12",134,1,"1-1",2000-06-06 11:31:00,"L/Abd-UQ","EMLA","None insertion site","Y",2000-06-08 10:36:00,"Straight","Complete"
146,"12",135,1,"2-1",2000-06-06 11:31:00,"R/Abd-UQ","EMLA","None insertion site","Y",2000-06-08 10:37:00,"Straight","Complete"
54,"13",49,1,"1-1",2000-04-13 18:52:00,"R/Buttocks","EMLA","None insertion site","Y",2000-04-15 11:15:00,"Moderately curled","Other"
179,"14",166,1,"1-1",2000-06-13 16:37:00,"R/Abd-UQ","EMLA","None insertion site","Y",2000-06-16 16:05:00,"Moderately curled","Complete"
180,"14",167,1,"2-1",2000-06-15 16:15:00,"L/Abd-UQ","EMLA","None insertion site","Y",2000-06-16 16:06:00,"Straight","Complete"
122,"15",111,1,"2-1",2000-05-12 08:22:00,"R/Buttocks","EMLA","None insertion site","Y",2000-05-13 08:13:00,"Moderately curled","Complete"
121,"15",110,1,"1-1",2000-05-12 07:56:00,"R/Buttocks","EMLA","None insertion site","N",2000-05-12 08:17:00,"Straight","Sensor Failure"
90,"16",82,1,"1-1",2000-04-21 13:00:00,"R/Buttocks","EMLA","None insertion site","Y",2000-04-22 13:03:00,"Moderately curled","Complete"
89,"17",81,1,"1-1",2000-04-20 13:12:00,"L/Buttocks","EMLA","None insertion site","Y",2000-04-20 21:20:00,"Moderately curled","Other"
79,"18",71,1,"1-1",2000-03-15 10:29:00,"L/Buttocks","None","None insertion site","Y",2000-03-17 14:05:00,"Straight","Complete"
55,"19",50,1,"1-1",2000-04-16 13:57:00,"R/Buttocks","EMLA","None insertion site","Y",2000-04-18 19:32:00,"Straight","Sensor Failure"
56,"19",50,2,"1-2",2000-04-18 19:45:00,"L/Buttocks","None","None insertion site","Y",2000-04-19 13:07:00,"Straight","Complete"
136,"20",125,1,"1-1",2000-05-24 10:17:00,"L/Buttocks","None","None insertion site","Y",2000-05-26 14:09:00,"Straight","Complete"
83,"21",75,1,"1-1",2000-04-18 15:21:00,"R/Abd-UQ","None","None insertion site","Y",2000-04-21 14:05:00,"Straight","Complete"
160,"22",148,1,"2-1",2000-06-20 14:38:00,"R/Abd-LQ","EMLA","None insertion site","Y",2000-06-22 08:42:00,"Moderately curled","Complete"
159,"22",147,1,"1-1",2000-06-20 14:38:00,"L/Abd-LQ","EMLA","None insertion site","Y",2000-06-22 08:42:00,"Moderately curled","Complete"
24,"23",23,1,"1-1",2000-02-24 11:45:00,"L/Abd-LQ","EMLA","None insertion site","Y",2000-02-25 12:17:00,"Straight","Complete"
25,"23",24,1,"2-1",2000-02-24 11:45:00,"R/Abd-LQ","EMLA","None insertion site","Y",2000-02-25 12:17:00,"Straight","Complete"
157,"24",145,1,"1-1",2000-06-13 00:59:00,"L/Abd-LQ","EMLA","None insertion site","Y",2000-06-16 08:19:00,"Straight","Complete"
158,"24",146,1,"2-1",2000-06-13 00:59:00,"R/Abd-LQ","EMLA","None insertion site","Y",2000-06-16 08:17:00,"Moderately curled","Complete"
156,"25",144,1,"1-1",2000-06-12 18:21:00,"R/Buttocks","None","None insertion site","Y",2000-06-13 09:43:00,"Straight","Complete"
11,"26",10,1,"1-1",2000-03-28 14:14:00,"L/Abd-LQ","EMLA","None insertion site","Y",2000-03-31 11:32:00,"Moderately curled","Complete"
128,"27",117,1,"1-1",2000-05-19 10:50:00,"L/Buttocks","None","None insertion site","Y",2000-05-20 11:13:00,"Straight","Complete"
9,"28",8,1,"1-1",2000-03-07 13:00:00,"R/Abd-LQ","None","None insertion site","Y",2000-03-09 12:24:00,"Straight","Other"
10,"28",9,1,"2-1",2000-03-08 12:50:00,"L/Abd-LQ","None","None insertion site","Y",2000-03-09 00:24:00,"Moderately curled","Other"
42,"29",40,1,"1-1",2000-02-08 14:00:00,"R/Hip","None","Both at insertion site & through sensor","",2000-02-08 14:15:00,"Pig's tails","Sensor Failure"
43,"29",40,2,"1-2",2000-02-08 15:25:00,"R/Buttocks","None","Both at insertion site & through sensor","NA",2000-02-09 15:15:00,"Straight","Complete"
103,"30",95,1,"2-1",2000-04-27 17:30:00,"R/Buttocks","ELAMAX","None insertion site","Y",2000-04-29 17:11:00,"Moderately curled","Complete"
102,"30",94,1,"1-1",2000-04-27 17:20:00,"L/Buttocks","ELAMAX","None insertion site","Y",2000-04-29 17:13:00,"Straight","Complete"
126,"31",115,1,"1-1",2000-05-23 16:25:00,"R/Buttocks","ELAMAX","None insertion site","Y",2000-05-24 17:05:00,"Straight","Complete"
114,"32",104,1,"1-1",2000-05-03 11:00:00,"L/Buttocks","EMLA","None insertion site","Y",2000-05-06 08:12:00,"Moderately curled","Complete"
95,"33",87,1,"1-1",2000-04-27 13:33:00,"R/Buttocks","ELAMAX","None insertion site","Y",2000-04-28 14:13:00,"Straight","Complete"
177,"34",164,1,"1-1",2000-06-22 12:55:00,"R/Abd-UQ","None","None insertion site","NA",2000-06-24 12:04:00,"Straight","Complete"
178,"34",165,1,"2-1",2000-06-22 13:03:00,"L/Abd-UQ","None","None insertion site","NA",2000-06-24 11:03:00,"Moderately curled","Complete"
80,"35",72,1,"1-1",2000-03-16 13:35:00,"R/Buttocks","ELAMAX","None insertion site","Y",2000-03-17 14:05:00,"Straight","Complete"
111,"36",101,1,"1-1",2000-03-17 09:59:00,"R/Abd-LQ","None","None insertion site","Y",2000-03-18 10:29:00,"Straight","Complete"
112,"36",102,1,"2-1",2000-03-17 09:59:00,"L/Abd-LQ","None","None insertion site","Y",2000-03-18 10:35:00,"Straight","Complete"
115,"37",105,1,"1-1",2000-03-08 15:05:00,"R/Abd-LQ","EMLA","None insertion site","NA",2000-03-10 16:10:00,"Straight","Other"
48,"38",45,1,"1-1",2000-02-16 15:50:00,"L/Hip","EMLA","None insertion site","Y",2000-02-18 16:05:00,"Straight","Complete"
141,"39",130,1,"2-1",2000-05-26 17:59:00,"L/Buttocks","None","Through sensor","Y",2000-05-27 18:10:00,"Moderately curled","Complete"
142,"39",131,1,"1-1",2000-05-26 17:58:00,"R/Buttocks","None","None insertion site","Y",2000-05-27 18:08:00,"Moderately curled","Complete"
73,"40",66,1,"1-1",2000-02-17 13:57:00,"L/Buttocks","ELAMAX","None insertion site","Y",2000-02-18 14:15:00,"Straight","Complete"
125,"41",114,1,"1-1",2000-05-17 14:00:00,"R/Buttocks","ELAMAX","None insertion site","Y",2000-05-19 19:00:00,"Moderately curled","Other"
44,"42",41,1,"1-1",2000-02-10 13:25:00,"","EMLA","None insertion site","Y",2000-02-12 17:00:00,"Moderately curled","Complete"
167,"43",154,1,"1-1",2000-06-21 16:35:00,"R/Buttocks","ELAMAX","Through sensor","Y",2000-06-22 08:37:00,"Moderately curled","Complete"
168,"43",155,1,"2-1",2000-06-21 16:40:00,"L/Buttocks","ELAMAX","Through sensor","Y",2000-06-22 08:40:00,"Moderately curled","Complete"
5,"44",4,1,"1-1",2000-01-27 13:07:00,"L/Abd-UQ","None","None insertion site","Y",2000-01-28 14:10:00,"Moderately curled","Complete"
6,"44",5,1,"2-1",2000-01-27 13:15:00,"R/Abd-UQ","None","None insertion site","Y",2000-01-27 14:45:00,"Straight","Sensor Failure"
66,"45",59,1,"1-1",2000-03-08 16:15:00,"R/Abd-LQ","ELAMAX","None insertion site","Y",2000-03-11 02:10:00,"Moderately curled","Complete"
67,"45",60,1,"2-1",2000-03-08 16:40:00,"L/Buttocks","ELAMAX","None insertion site","Y",2000-03-11 14:14:00,"Moderately curled","Complete"
148,"46",136,2,"1-2",2000-06-01 17:38:00,"R/Abd-LQ","EMLA","None insertion site","Y",2000-06-02 15:08:00,"Moderately curled","Complete"
147,"46",136,1,"1-1",2000-05-30 12:23:00,"R/Abd-UQ","EMLA","None insertion site","Y",2000-05-30 17:35:00,"Moderately curled","Sensor Failure"
149,"46",137,1,"2-1",2000-06-01 14:21:00,"L/Abd-UQ","EMLA","None insertion site","Y",2000-06-02 15:06:00,"Moderately curled","Complete"
82,"47",74,1,"1-1",2000-03-22 10:59:00,"L/Buttocks","None","None insertion site","Y",2000-03-24 14:09:00,"Straight","Complete"
173,"48",160,1,"1-1",2000-06-13 15:28:00,"R/Abd-UQ","EMLA","None insertion site","Y",2000-06-15 15:00:00,"Moderately curled","Complete"
174,"48",161,1,"2-1",2000-06-13 15:32:00,"L/Abd-UQ","EMLA","None insertion site","Y",2000-06-15 14:59:00,"Moderately curled","Complete"
169,"49",156,1,"1-1",2000-06-20 17:08:00,"L/Buttocks","ELAMAX","Through sensor","Y",2000-06-22 18:10:00,"Straight","Complete"
170,"49",157,1,"2-1",2000-06-21 19:00:00,"R/Buttocks","ELAMAX","Through sensor","Y",2000-06-22 18:12:00,"Straight","Complete"
163,"50",150,1,"1-1",2000-06-20 14:16:00,"R/Abd-LQ","EMLA","Through sensor","Y",2000-06-22 08:16:00,"Moderately curled","Complete"
164,"50",151,1,"2-1",2000-06-20 14:16:00,"L/Abd-LQ","EMLA","None insertion site","Y",2000-06-22 08:16:00,"Moderately curled","Complete"
139,"51",128,1,"1-1",2000-05-12 17:57:00,"R/Abd-UQ","ELAMAX","None insertion site","Y",2000-05-13 10:49:00,"Moderately curled","Complete"
140,"51",129,1,"2-1",2000-05-12 21:05:00,"L/Abd-UQ","ELAMAX","None insertion site","Y",2000-05-13 10:48:00,"Moderately curled","Complete"
49,"52",46,1,"1-1",2000-02-29 15:49:00,"R/Abd-UQ","EMLA","None insertion site","Y",2000-02-29 16:13:00,"Moderately curled","Other"
50,"52",46,2,"1-2",2000-02-29 18:00:00,"R/Abd-LQ","EMLA","None insertion site","Y",2000-03-01 16:09:00,"Moderately curled","Complete"
45,"53",42,1,"1-1",2000-02-23 16:52:00,"L/Abd-UQ","EMLA","None insertion site","Y",2000-02-24 17:03:00,"Straight","Complete"
46,"53",43,1,"2-1",2000-02-23 18:09:00,"R/Abd-UQ","EMLA","None insertion site","Y",2000-02-24 17:05:00,"Straight","Complete"
171,"54",158,1,"1-1",2000-06-12 14:30:00,"R/Buttocks","ELAMAX","Through sensor","Y",2000-06-15 15:10:00,"Moderately curled","Complete"
37,"55",35,1,"1-1",2000-03-21 13:02:00,"L/Abd-LQ","EMLA","None insertion site","Y",2000-03-23 13:49:00,"Moderately curled","Complete"
38,"55",36,1,"2-1",2000-03-22 10:56:00,"R/Abd-LQ","EMLA","None insertion site","Y",2000-03-23 13:49:00,"Straight","Complete"
113,"56",103,1,"1-1",2000-05-04 17:12:00,"R/Buttocks","None","None insertion site","Y",2000-05-05 18:02:00,"Straight","Complete"
106,"57",98,1,"1-1",2000-03-07 00:00:00,"L/Buttocks","ELAMAX","None insertion site","Y",2000-03-07 00:00:00,"Straight","Voluntary Removal"
107,"57",98,2,"1-2",2000-03-08 10:00:00,"L/Buttocks","ELAMAX","None insertion site","Y",2000-03-08 17:13:00,"Straight","Other"
51,"58",47,1,"1-1",2000-02-07 13:30:00,"R/Abd-LQ","None","None insertion site","Y",2000-02-10 07:50:00,"Straight","Sensor Failure"
52,"58",47,2,"1-2",2000-02-10 07:54:00,"L/Abd-UQ","None","None insertion site","Y",,"Straight","Complete"
53,"58",48,1,"2-1",2000-02-07 14:00:00,"L/Buttocks","None","None insertion site","Y",2000-02-10 14:15:00,"Straight","Complete"
155,"59",143,1,"1-1",2000-06-12 16:46:00,"L/Buttocks","None","None insertion site","Y",2000-06-13 16:10:00,"Moderately curled","Complete"
165,"60",152,1,"1-1",2000-06-15 15:25:00,"R/Abd-UQ","EMLA","Both at insertion site & through sensor","Y",2000-06-17 17:04:00,"Moderately curled","Complete"
166,"60",153,1,"2-1",2000-06-15 15:25:00,"L/Abd-UQ","EMLA","Through sensor","Y",2000-06-17 17:04:00,"Moderately curled","Complete"
23,"61",22,1,"1-1",2000-02-16 10:34:00,"R/Thigh","EMLA","None insertion site","Y",2000-02-17 13:47:00,"Moderately curled","Complete"
31,"61",29,1,"2-1",2000-02-16 10:44:00,"R/Abd-UQ","EMLA","Both at insertion site & through sensor","Y",2000-02-16 12:32:00,"Moderately curled","Other"
84,"62",76,1,"1-1",2000-04-20 12:19:00,"L/Abd-LQ","EMLA","None insertion site","Y",2000-04-21 13:10:00,"Straight","Complete"
85,"62",77,1,"2-1",2000-04-20 12:19:00,"R/Abd-LQ","EMLA","None insertion site","Y",2000-04-21 13:11:00,"Straight","Complete"
18,"63",17,1,"1-1",2000-03-22 17:37:00,"L/Buttocks","EMLA","Both at insertion site & through sensor","Y",2000-03-24 13:17:00,"Straight","Complete"
144,"64",133,1,"1-1",2000-05-16 14:59:00,"L/Buttocks","ELAMAX","None insertion site","Y",2000-05-19 16:08:00,"Straight","Complete"
129,"65",118,1,"1-1",2000-05-12 16:45:00,"R/Abd-LQ","EMLA","None insertion site","Y",2000-05-13 16:02:00,"Straight","Complete"
130,"65",119,1,"2-1",2000-05-12 19:21:00,"L/Abd-UQ","EMLA","None insertion site","Y",2000-05-13 16:03:00,"Straight","Complete"
4,"67",3,1,"1-1",2000-01-20 10:45:00,"R/Buttocks","ELAMAX","Both at insertion site & through sensor","Y",2000-01-22 14:10:00,"Moderately curled","Complete"
150,"68",138,1,"1-1",2000-05-24 15:58:00,"R/Abd-LQ","EMLA","None insertion site","Y",2000-05-25 16:05:00,"Moderately curled","Complete"
32,"69",30,1,"1-1",2000-04-12 13:05:00,"L/Buttocks","EMLA","None insertion site","Y",2000-04-13 05:10:00,"Straight","Other"
22,"70",21,1,"1-1",2000-04-05 16:30:00,"R/Buttocks","EMLA","None insertion site","Y",2000-04-07 14:42:00,"Straight","Voluntary Removal"
71,"71",64,1,"1-1",2000-03-23 16:10:00,"R/Abd-LQ","None","None insertion site","Y",2000-03-25 15:10:00,"Straight","Complete"
72,"71",65,1,"2-1",2000-03-23 16:15:00,"L/Buttocks","None","None insertion site","Y",2000-03-25 15:05:00,"Straight","Complete"
68,"72",61,1,"1-1",2000-03-16 14:30:00,"L/Buttocks","ELAMAX","Both at insertion site & through sensor","Y",2000-03-18 13:47:00,"Moderately curled","Complete"
119,"73",108,1,"1-1",2000-05-05 18:48:00,"R/Buttocks","ELAMAX","None insertion site","Y",2000-05-06 09:33:00,"Moderately curled","Complete"
97,"74",89,1,"1-1",2000-04-19 09:37:00,"L/Abd-LQ","EMLA","None insertion site","Y",2000-04-20 09:07:00,"Moderately curled","Complete"
98,"74",90,1,"2-1",2000-04-19 09:37:00,"R/Abd-LQ","EMLA","None insertion site","Y",2000-04-20 09:07:00,"Moderately curled","Complete"
39,"75",37,1,"1-1",2000-03-21 00:20:00,"R/Abd-LQ","EMLA","None insertion site","Y",2000-03-23 10:37:00,"Moderately curled","Complete"
40,"75",38,1,"2-1",2000-03-22 10:41:00,"L/Abd-LQ","EMLA","None insertion site","Y",2000-03-23 12:56:00,"Moderately curled","Complete"
161,"76",149,1,"1-1",2000-06-14 11:19:00,"L/Buttocks","EMLA","Both at insertion site & through sensor","N",2000-06-14 12:28:00,"Moderately curled","Sensor Failure"
162,"76",149,2,"1-2",2000-06-14 12:25:00,"L/Buttocks","EMLA","None insertion site","NA",2000-06-17 15:59:00,"Straight","Complete"
116,"77",106,1,"1-1",2000-05-09 09:30:00,"R/Buttocks","None","None insertion site","Y",2000-05-10 08:40:00,"Straight","Other"
41,"78",39,1,"1-1",2000-03-28 14:04:00,"L/Abd-LQ","EMLA","None insertion site","Y",2000-03-31 12:41:00,"Straight","Complete"
88,"79",80,1,"1-1",2000-04-20 12:55:00,"R/Buttocks","EMLA","None insertion site","Y",2000-04-21 13:12:00,"Straight","Complete"
94,"80",86,1,"2-1",2000-04-26 11:54:00,"L/Abd-LQ","EMLA","None insertion site","Y",2000-04-28 11:50:00,"Straight","Complete"
93,"80",85,1,"1-1",2000-04-26 11:54:00,"R/Abd-LQ","EMLA","None insertion site","Y",2000-04-28 11:57:00,"Moderately curled","Complete"
123,"81",112,1,"1-1",2000-05-17 17:30:00,"L/Buttocks","ELAMAX","None insertion site","Y",2000-05-18 14:45:00,"Moderately curled","Complete"
124,"81",113,1,"2-1",2000-05-17 17:31:00,"R/Buttocks","ELAMAX","None insertion site","Y",2000-05-18 14:46:00,"Straight","Complete"
99,"82",91,1,"1-1",2000-02-16 14:00:00,"L/Buttocks","None","Through sensor","Y",2000-02-17 14:05:00,"Moderately curled","Complete"
100,"82",92,1,"2-1",2000-02-16 15:00:00,"R/Buttocks","None","Through sensor","Y",2000-02-17 14:05:00,"Straight","Complete"
92,"83",84,1,"2-1",2000-04-21 17:40:00,"L/Buttocks","ELAMAX","None insertion site","Y",2000-04-22 18:10:00,"Moderately curled","Complete"
91,"83",83,1,"1-1",2000-04-21 17:30:00,"L/Abd-LQ","ELAMAX","None insertion site","Y",2000-04-22 18:06:00,"Straight","Complete"
69,"84",62,1,"1-1",2000-03-21 15:32:00,"R/Buttocks","None","None insertion site","Y",2000-03-23 14:10:00,"Straight","Complete"
70,"84",63,1,"2-1",2000-03-21 15:25:00,"L/Buttocks","None","None insertion site","Y",2000-03-23 14:20:00,"Straight","Complete"
153,"85",141,1,"1-1",2000-06-07 15:31:00,"L/Buttocks","None","None insertion site","Y",2000-06-10 01:59:00,"Moderately curled","Complete"
154,"85",142,1,"2-1",2000-06-07 15:34:00,"L/Abd-UQ","None","None insertion site","Y",2000-06-10 13:59:00,"Moderately curled","Complete"
120,"86",109,1,"1-1",2000-05-12 07:58:00,"R/Buttocks","EMLA","None insertion site","Y",2000-05-13 08:12:00,"Straight","Complete"
105,"87",97,1,"2-1",2000-03-28 12:43:00,"L/Abd-LQ","None","None insertion site","Y",2000-03-29 13:18:00,"Straight","Complete"
104,"87",96,1,"1-1",2000-03-26 17:14:00,"R/Abd-LQ","None","None insertion site","Y",2000-03-29 13:18:00,"Moderately curled","Complete"
152,"88",140,1,"2-1",2000-06-07 17:20:00,"L/Abd-UQ","ELAMAX","Through sensor","Y",2000-06-08 20:12:00,"Straight","Complete"
151,"88",139,1,"1-1",2000-06-06 17:40:00,"L/Abd-LQ","ELAMAX","Through sensor","Y",2000-06-08 20:11:00,"Straight","Complete"
15,"89",14,1,"2-1",2000-03-10 12:50:00,"L/Abd-LQ","None","None insertion site","Y",2000-03-11 13:19:00,"Straight","Complete"
14,"89",13,1,"1-1",2000-03-08 17:16:00,"R/Buttocks","None","None insertion site","Y",2000-03-11 13:18:00,"Moderately curled","Complete"
20,"90",19,1,"1-1",2000-04-12 09:34:00,"R/Abd-LQ","EMLA","None insertion site","Y",2000-04-13 12:05:00,"Straight","Complete"
21,"90",20,1,"2-1",2000-04-12 09:34:00,"L/Abd-LQ","EMLA","None insertion site","Y",2000-04-13 12:05:00,"Straight","Complete"
59,"91",53,1,"1-1",2000-03-08 13:50:00,"L/Abd-LQ","ELAMAX","None insertion site","Y",2000-03-09 00:00:00,"Moderately curled","Complete"
60,"91",54,1,"2-1",2000-03-08 13:52:00,"R/Abd-LQ","ELAMAX","None insertion site","Y",2000-03-09 14:15:00,"Moderately curled","Complete"
29,"92",27,1,"1-1",2000-03-07 10:32:00,"L/Abd-UQ","EMLA","None insertion site","Y",2000-03-08 14:15:00,"Straight","Complete"
30,"92",28,1,"2-1",2000-03-07 10:32:00,"R/Abd-UQ","EMLA","None insertion site","Y",2000-03-08 14:20:00,"Straight","Complete"
101,"93",93,1,"1-1",2000-04-27 16:34:00,"R/Buttocks","EMLA","None insertion site","Y",2000-04-29 07:17:00,"Straight","Voluntary Removal"
47,"94",44,1,"1-1",2000-02-25 14:55:00,"R/Abd-UQ","EMLA","None insertion site","Y",2000-02-26 14:15:00,"Moderately curled","Complete"
77,"95",69,1,"1-1",2000-03-01 14:33:00,"R/Buttocks","None","None insertion site","Y",2000-03-03 14:08:00,"Straight","Complete"
127,"96",116,1,"1-1",2000-05-23 16:45:00,"L/Buttocks","ELAMAX","None insertion site","Y",2000-05-24 17:07:00,"Straight","Complete"
137,"97",126,1,"1-1",2000-05-16 14:52:00,"R/Abd-LQ","EMLA","None insertion site","Y",2000-05-19 08:13:00,"Moderately curled","Complete"
138,"97",127,1,"2-1",2000-05-16 14:52:00,"L/Abd-LQ","EMLA","None insertion site","Y",2000-05-19 08:13:00,"Moderately curled","Complete"
117,"98",107,1,"1-1",2000-05-08 16:35:00,"R/Buttocks","EMLA","None insertion site","Y",2000-05-10 11:44:00,"Moderately curled","Sensor Failure"
118,"98",107,2,"1-2",2000-05-10 12:54:00,"R/Buttocks","EMLA","Both at insertion site & through sensor","Y",2000-05-11 08:07:00,"Moderately curled","Voluntary Removal"
143,"99",132,1,"1-1",2000-05-16 14:55:00,"L/Buttocks","ELAMAX","None insertion site","Y",2000-05-19 16:13:00,"Straight","Complete"
96,"100",88,1,"1-1",2000-04-25 16:49:00,"L/Buttocks","None","None insertion site","Y",2000-04-28 14:05:00,"Straight","Complete"
7,"101",6,1,"1-1",2000-02-18 13:00:00,"R/Buttocks","EMLA","None insertion site","Y",2000-02-19 13:05:00,"Moderately curled","Complete"
8,"101",7,1,"2-1",2000-02-18 13:00:00,"L/Buttocks","EMLA","Through sensor","Y",2000-02-19 13:10:00,"Moderately curled","Complete"
12,"102",11,1,"1-1",2000-03-02 20:02:00,"R/Buttocks","None","None insertion site","Y",2000-03-04 13:19:00,"Moderately curled","Complete"
13,"102",12,1,"2-1",2000-03-03 12:58:00,"L/Buttocks","None","None insertion site","Y",2000-03-04 13:19:00,"Moderately curled","Complete"
135,"103",124,1,"1-1",2000-05-23 16:43:00,"R/Buttocks","None","None insertion site","Y",2000-05-26 14:08:00,"Straight","Complete"
131,"104",120,1,"1-1",2000-05-23 12:09:00,"R/Abd-UQ","EMLA","None insertion site","Y",2000-05-25 22:04:00,"Moderately curled","Other"
132,"104",121,1,"2-1",2000-05-23 12:09:00,"L/Abd-UQ","EMLA","None insertion site","Y",2000-05-25 22:06:00,"Moderately curled","Other"
33,"105",31,1,"1-1",2000-03-16 09:59:00,"R/Abd-LQ","EMLA","None insertion site","Y",2000-03-17 10:25:00,"Moderately curled","Complete"
34,"105",32,1,"2-1",2000-03-16 09:59:00,"L/Abd-LQ","EMLA","None insertion site","Y",2000-03-17 10:30:00,"Moderately curled","Complete"
64,"106",57,1,"1-1",2000-02-16 12:06:00,"L/Buttocks","None","None insertion site","Y",2000-02-17 14:27:00,"Moderately curled","Complete"
65,"106",58,1,"2-1",2000-02-16 12:06:00,"R/Abd-LQ","None","None insertion site","Y",,"Moderately curled","Complete"
181,"107",168,1,"1-1",2000-06-21 16:30:00,"R/Buttocks","ELAMAX","Through sensor","Y",2000-06-22 08:50:00,"Moderately curled","Complete"
75,"108",67,2,"1-2",2000-02-24 15:47:00,"R/Abd-UQ","ELAMAX","None insertion site","Y",2000-02-25 17:05:00,"Straight","Complete"
76,"108",68,1,"2-1",2000-02-24 17:54:00,"R/Buttocks","ELAMAX","None insertion site","Y",2000-02-25 17:07:00,"Straight","Complete"
74,"108",67,1,"1-1",2000-02-24 13:32:00,"R/Buttocks","None","None insertion site","Y",2000-02-24 15:01:00,"Straight","Sensor Failure"
78,"109",70,1,"1-1",2000-03-08 15:09:00,"R/Buttocks","None","None insertion site","Y",2000-03-10 14:21:00,"Straight","Complete"
16,"110",15,1,"1-1",2000-03-12 18:24:00,"R/Buttocks","None","None insertion site","Y",2000-03-15 13:10:00,"Straight","Complete"
17,"110",16,1,"2-1",2000-03-14 13:40:00,"L/Buttocks","None","None insertion site","Y",2000-03-15 13:12:00,"Moderately curled","Complete"
176,"111",163,1,"2-1",2000-06-20 19:00:00,"L/Abd-UQ","EMLA","None insertion site","Y",2000-06-21 17:08:00,"Straight","Complete"
175,"111",162,1,"1-1",2000-06-20 16:57:00,"R/Abd-UQ","EMLA","None insertion site","Y",2000-06-21 17:07:00,"Straight","Complete"
133,"113",122,1,"1-1",2000-05-25 16:20:00,"R/Abd-LQ","EMLA","None insertion site","Y",2000-05-26 17:07:00,"Moderately curled","Complete"
134,"113",123,1,"2-1",2000-05-25 16:27:00,"L/Abd-LQ","EMLA","None insertion site","N",2000-05-26 17:08:00,"Straight","Complete"
